CompanyID,Name
0,House Real Estate
1,Gromphlomite LTD
2,Smith Properties
3,ADE LTD
4,House Realty
5,Smith LTD
6,House Realty
7,Coriander Properties
8,Smith Properties
9,Coriander LTD
10,House Real Estate
11,Gromphlomite LTD
12,Coriander Realty
13,Smith LTD
14,Coriander Properties
15,House LTD
16,Smith Realty
17,Coriander Properties
18,Coriander LTD
19,Coriander Real Estate
20,ADE Properties
21,Smith Real Estate
22,House Properties
23,Gromphlomite Real Estate
24,ADE Real Estate
25,Smith Properties
26,House Properties
27,Gromphlomite Properties
28,ADE Realty
29,Coriander Real Estate
30,ADE LTD
31,ADE Properties
32,Coriander Realty
33,Smith Realty
34,Gromphlomite LTD
35,House Properties
36,Gromphlomite Realty
37,House Realty
38,Gromphlomite LTD
39,ADE Properties
40,Gromphlomite Properties
41,Coriander LTD
42,House LTD
43,House Realty
44,Smith LTD
45,Smith LTD
46,Coriander Properties
47,Gromphlomite Properties
48,ADE Realty
49,Coriander LTD
50,Gromphlomite Real Estate
51,House Real Estate
52,Smith Properties
53,ADE LTD
54,House Properties
55,House Real Estate
56,Smith LTD
57,Gromphlomite Realty
58,Gromphlomite Real Estate
59,Gromphlomite Real Estate
60,Coriander Properties
61,Coriander LTD
62,ADE Properties
63,Coriander LTD
64,Smith Real Estate
65,Smith Properties
66,Smith Realty
67,House Properties
68,ADE Realty
69,Gromphlomite Real Estate
70,Smith LTD
71,ADE Realty
72,Coriander Real Estate
73,Smith Realty
74,ADE Properties
75,Smith LTD
76,House Realty
77,House Properties
78,Smith LTD
79,Smith Properties
80,Coriander LTD
81,Smith Properties
82,House Realty
83,Smith Properties
84,Smith LTD
85,House Properties
86,Smith Properties
87,Smith Real Estate
88,Gromphlomite Real Estate
89,Coriander Real Estate
90,ADE Real Estate
91,Gromphlomite LTD
92,ADE LTD
93,Smith LTD
94,Coriander LTD
95,Coriander Properties
96,Coriander Realty
97,Coriander Realty
98,Smith Realty
99,Gromphlomite Realty
100,ADE LTD
101,Coriander Realty
102,Smith LTD
103,Gromphlomite Real Estate
104,House Real Estate
105,House Realty
106,House Realty
107,House Properties
108,ADE Real Estate
109,House Real Estate
110,ADE Properties
111,ADE Real Estate
112,Smith Realty
113,Coriander Real Estate
114,House LTD
115,ADE Properties
116,House Realty
117,House Realty
118,House Real Estate
119,House Properties
120,Smith Realty
121,Smith Real Estate
122,Coriander LTD
123,Smith LTD
124,ADE LTD
125,Coriander Properties
126,Coriander Properties
127,ADE Real Estate
128,ADE LTD
129,Coriander LTD
130,Gromphlomite LTD
131,ADE Properties
132,ADE Realty
133,House Properties
134,Gromphlomite Real Estate
135,ADE Realty
136,Smith Properties
137,ADE Properties
138,Coriander LTD
139,Smith Properties
140,Coriander LTD
141,House Properties
142,Coriander LTD
143,Smith Real Estate
144,Coriander Realty
145,Smith Realty
146,House Real Estate
147,ADE Realty
148,ADE LTD
149,Coriander Real Estate
150,Smith Realty
151,ADE Realty
152,Coriander Properties
153,Smith Real Estate
154,ADE Realty
155,Gromphlomite Properties
156,Coriander Real Estate
157,Gromphlomite Properties
158,Coriander Realty
159,Smith Properties
160,Gromphlomite LTD
161,ADE LTD
162,Gromphlomite Properties
163,Gromphlomite LTD
164,Smith Properties
165,Coriander Realty
166,ADE LTD
167,Coriander Realty
168,ADE LTD
169,ADE LTD
170,Smith Realty
171,ADE Real Estate
172,ADE LTD
173,Smith Properties
174,Smith Real Estate
175,Coriander LTD
176,Gromphlomite Properties
177,ADE Properties
178,House LTD
179,Gromphlomite Properties
180,Coriander Properties
181,House Properties
182,ADE Realty
183,Coriander Real Estate
184,Gromphlomite LTD
185,Gromphlomite Properties
186,Smith Properties
187,Gromphlomite Real Estate
188,House Realty
189,Coriander LTD
190,Coriander LTD
191,Coriander Real Estate
192,Smith Real Estate
193,Gromphlomite Properties
194,Gromphlomite LTD
195,Smith Realty
196,Coriander LTD
197,Smith Properties
198,Coriander LTD
199,Smith Realty
200,House Realty
201,Coriander Real Estate
202,Gromphlomite Real Estate
203,Gromphlomite Realty
204,Coriander LTD
205,House Realty
206,Smith Realty
207,House LTD
208,Smith LTD
209,Coriander Properties
210,Coriander LTD
211,House Real Estate
212,House Realty
213,Smith LTD
214,House LTD
215,House Realty
216,Smith Realty
217,ADE Properties
218,Gromphlomite Real Estate
219,Gromphlomite Realty
220,Coriander Properties
221,House LTD
222,House Properties
223,House LTD
224,House Properties
225,House Properties
226,Gromphlomite LTD
227,House LTD
228,Coriander Realty
229,ADE LTD
230,Smith Real Estate
231,Gromphlomite Properties
232,Smith Realty
233,Smith Properties
234,ADE Real Estate
235,House Realty
236,Smith Realty
237,ADE Realty
238,Gromphlomite LTD
239,Gromphlomite Realty
240,ADE Real Estate
241,Smith Real Estate
242,ADE Realty
243,Coriander Real Estate
244,Gromphlomite Realty
245,House Real Estate
246,Gromphlomite Properties
247,ADE Properties
248,Coriander Properties
249,Coriander Realty
250,ADE LTD
251,ADE Properties
252,ADE Properties
253,Coriander Realty
254,House LTD
255,Gromphlomite LTD
256,Smith LTD
257,Coriander LTD
258,House Realty
259,Gromphlomite Realty
260,Coriander Real Estate
261,ADE Real Estate
262,Coriander Realty
263,ADE Real Estate
264,Gromphlomite Realty
265,Gromphlomite LTD
266,House Properties
267,ADE Real Estate
268,Smith Real Estate
269,Smith LTD
270,Coriander LTD
271,Smith Properties
272,Smith Properties
273,Smith Real Estate
274,Coriander Real Estate
275,ADE Properties
276,ADE LTD
277,Smith Realty
278,Coriander Properties
279,Smith Real Estate
280,Gromphlomite Properties
281,Coriander Realty
282,Smith Real Estate
283,ADE Properties
284,Coriander LTD
285,Gromphlomite Properties
286,Coriander LTD
287,ADE LTD
288,House Real Estate
289,Gromphlomite Realty
290,Smith Realty
291,ADE Properties
292,Smith Real Estate
293,Smith Realty
294,Smith Realty
295,House LTD
296,Coriander Realty
297,Coriander Properties
298,House Properties
299,House Realty
300,Gromphlomite Real Estate
301,Smith LTD
302,Gromphlomite Realty
303,ADE Properties
304,Coriander Real Estate
305,House Properties
306,Coriander Properties
307,ADE LTD
308,Coriander Real Estate
309,ADE Realty
310,ADE LTD
311,Gromphlomite LTD
312,Gromphlomite Properties
313,House Realty
314,Coriander Properties
315,ADE LTD
316,Smith Realty
317,Coriander Real Estate
318,Smith LTD
319,Gromphlomite LTD
320,Coriander Properties
321,House LTD
322,ADE Realty
323,Smith Properties
324,House Realty
325,House Real Estate
326,House Properties
327,Coriander LTD
328,House LTD
329,Smith Properties
330,ADE LTD
331,ADE Realty
332,Smith Properties
333,Coriander Real Estate
334,Coriander Real Estate
335,Coriander Realty
336,Coriander Properties
337,ADE LTD
338,Smith Real Estate
339,Coriander Real Estate
340,ADE Properties
341,Coriander LTD
342,ADE Realty
343,House Real Estate
344,House Realty
345,Smith Real Estate
346,Gromphlomite Properties
347,ADE Properties
348,ADE Properties
349,House Realty
350,House Properties
351,House Properties
352,House Realty
353,ADE LTD
354,Smith Properties
355,Gromphlomite Properties
356,Smith Real Estate
357,Smith Properties
358,Smith Real Estate
359,Gromphlomite Properties
360,Smith LTD
361,ADE Real Estate
362,Smith Realty
363,Gromphlomite Properties
364,Coriander Real Estate
365,Gromphlomite Realty
366,Coriander LTD
367,Coriander LTD
368,Gromphlomite LTD
369,Gromphlomite Real Estate
370,ADE Real Estate
371,Gromphlomite Properties
372,Coriander LTD
373,ADE Properties
374,Smith Real Estate
375,Gromphlomite Real Estate
376,Coriander Real Estate
377,Coriander Properties
378,ADE Real Estate
379,Coriander Properties
380,Gromphlomite LTD
381,House Realty
382,Gromphlomite Real Estate
383,House Realty
384,Smith Properties
385,House Properties
386,Coriander Realty
387,Coriander Realty
388,Smith Realty
389,Gromphlomite LTD
390,Coriander LTD
391,Smith Properties
392,Gromphlomite Realty
393,Coriander Real Estate
394,Smith Properties
395,Smith Properties
396,House Realty
397,House Real Estate
398,Coriander Realty
399,ADE Properties
400,Gromphlomite Properties
401,Coriander Realty
402,Smith Properties
403,Smith Realty
404,Smith Properties
405,ADE Realty
406,Gromphlomite Real Estate
407,Coriander Real Estate
408,Smith LTD
409,ADE Properties
410,Gromphlomite Properties
411,Gromphlomite LTD
412,Gromphlomite LTD
413,Smith LTD
414,ADE Properties
415,ADE LTD
416,Smith LTD
417,Gromphlomite LTD
418,ADE Realty
419,ADE Properties
420,Gromphlomite Realty
421,Coriander Realty
422,Gromphlomite Properties
423,ADE LTD
424,ADE Properties
425,ADE Realty
426,ADE LTD
427,House Realty
428,Smith Realty
429,Smith Real Estate
430,House Realty
431,Coriander Real Estate
432,ADE LTD
433,House Real Estate
434,House Realty
435,House Realty
436,Gromphlomite Realty
437,ADE LTD
438,ADE Realty
439,Coriander LTD
440,Coriander Realty
441,Smith Properties
442,ADE Properties
443,House Realty
444,Gromphlomite LTD
445,Coriander Properties
446,House Properties
447,House Real Estate
448,House Properties
449,Coriander Real Estate
450,Coriander Real Estate
451,Coriander Real Estate
452,ADE Realty
453,Coriander Properties
454,Coriander LTD
455,House Properties
456,Gromphlomite Realty
457,Smith LTD
458,Smith Real Estate
459,House Realty
460,House Realty
461,Coriander Properties
462,Smith LTD
463,House LTD
464,Coriander LTD
465,Gromphlomite Properties
466,ADE LTD
467,House LTD
468,ADE LTD
469,House LTD
470,ADE Properties
471,Smith LTD
472,ADE Real Estate
473,House LTD
474,House LTD
475,House Properties
476,Smith Properties
477,Coriander Properties
478,ADE LTD
479,ADE Real Estate
480,Gromphlomite Real Estate
481,House LTD
482,ADE Properties
483,Coriander LTD
484,Gromphlomite Realty
485,House LTD
486,Coriander Realty
487,Gromphlomite Real Estate
488,Gromphlomite Realty
489,House LTD
490,Coriander LTD
491,ADE Real Estate
492,Gromphlomite Real Estate
493,House Properties
494,ADE Real Estate
495,Coriander Realty
496,Gromphlomite Real Estate
497,Coriander Real Estate
498,Gromphlomite Realty
499,ADE Realty
