CompanyID,Name
0,Gromphlomite LTD
1,Smith Real Estate
2,House LTD
3,Smith Realty
4,Gromphlomite Real Estate
5,Smith LTD
6,House Real Estate
7,Gromphlomite LTD
8,House Properties
9,Smith LTD
10,ADE Realty
11,House Properties
12,Smith LTD
13,Smith Real Estate
14,House LTD
15,Gromphlomite Properties
16,ADE Properties
17,Gromphlomite Realty
18,ADE Real Estate
19,Coriander Real Estate
20,Gromphlomite Properties
21,House Properties
22,ADE Real Estate
23,Gromphlomite Properties
24,Smith Properties
25,ADE Realty
26,Gromphlomite Properties
27,Gromphlomite Realty
28,Coriander Real Estate
29,Coriander Realty
30,Gromphlomite Real Estate
31,Smith Realty
32,ADE LTD
33,House Realty
34,Coriander Realty
35,House Realty
36,Coriander Real Estate
37,House Properties
38,Coriander Realty
39,House Realty
40,House Realty
41,Coriander Properties
42,Gromphlomite Realty
43,Gromphlomite LTD
44,House Properties
45,Gromphlomite Realty
46,Coriander Realty
47,House Real Estate
48,House LTD
49,Smith LTD
50,Coriander LTD
51,Gromphlomite Properties
52,House Realty
53,Gromphlomite Properties
54,Smith LTD
55,ADE Real Estate
56,House Real Estate
57,Coriander Real Estate
58,House Properties
59,Smith LTD
60,Coriander Real Estate
61,Smith Properties
62,Gromphlomite Realty
63,ADE Properties
64,ADE LTD
65,ADE Real Estate
66,ADE LTD
67,Gromphlomite LTD
68,Coriander LTD
69,ADE Real Estate
70,ADE Realty
71,Gromphlomite Properties
72,Coriander LTD
73,Gromphlomite Real Estate
74,Smith Realty
75,House Properties
76,House Realty
77,Smith Realty
78,Coriander Properties
79,Coriander Properties
80,ADE Real Estate
81,ADE Realty
82,Smith Real Estate
83,ADE Realty
84,Coriander Real Estate
85,Gromphlomite LTD
86,Gromphlomite Properties
87,House Realty
88,Gromphlomite Realty
89,Coriander Real Estate
90,ADE Properties
91,House Realty
92,Smith Realty
93,ADE Real Estate
94,Smith Real Estate
95,Smith Real Estate
96,Coriander LTD
97,Smith LTD
98,Coriander LTD
99,Coriander LTD
100,Coriander Real Estate
101,Coriander Properties
102,Smith Properties
103,House Real Estate
104,Coriander Realty
105,Coriander LTD
106,House LTD
107,Gromphlomite Real Estate
108,Gromphlomite Realty
109,Coriander Properties
110,ADE Properties
111,ADE Properties
112,House Real Estate
113,Gromphlomite Realty
114,Gromphlomite Properties
115,ADE Properties
116,ADE LTD
117,Gromphlomite LTD
118,House Realty
119,House Properties
120,Smith Properties
121,House Real Estate
122,Gromphlomite Real Estate
123,ADE LTD
124,Smith Real Estate
125,ADE Properties
126,ADE Real Estate
127,House LTD
128,House Real Estate
129,Gromphlomite Realty
130,House Realty
131,Smith Real Estate
132,Gromphlomite Properties
133,House Properties
134,Smith Real Estate
135,Smith Real Estate
136,Gromphlomite Properties
137,Smith Realty
138,ADE LTD
139,Coriander Properties
140,ADE LTD
141,ADE Real Estate
142,Coriander Realty
143,Coriander Real Estate
144,House LTD
145,Smith Realty
146,Smith Realty
147,Smith Properties
148,ADE Realty
149,Coriander Real Estate
150,House Properties
151,Gromphlomite Properties
152,Smith Realty
153,Gromphlomite Properties
154,Gromphlomite LTD
155,Gromphlomite LTD
156,House Realty
157,ADE Realty
158,Smith LTD
159,Smith LTD
160,Gromphlomite Realty
161,Coriander Real Estate
162,Coriander Properties
163,Coriander LTD
164,Smith Real Estate
165,ADE Real Estate
166,House LTD
167,Coriander LTD
168,Coriander Real Estate
169,Smith Real Estate
170,ADE Properties
171,ADE Realty
172,Coriander Properties
173,Smith Real Estate
174,Smith Real Estate
175,Smith Properties
176,House LTD
177,Smith LTD
178,Smith Real Estate
179,Smith LTD
180,Coriander LTD
181,House Real Estate
182,Smith Properties
183,Coriander Real Estate
184,House LTD
185,House Realty
186,Smith Realty
187,House Realty
188,ADE Real Estate
189,Gromphlomite LTD
190,Smith LTD
191,ADE Properties
192,Gromphlomite Real Estate
193,House Properties
194,Gromphlomite Real Estate
195,ADE LTD
196,Gromphlomite LTD
197,ADE Realty
198,Gromphlomite Realty
199,ADE LTD
200,Gromphlomite Realty
201,Coriander Properties
202,Coriander Properties
203,Smith Real Estate
204,Coriander Properties
205,Smith Real Estate
206,Smith Properties
207,Coriander Properties
208,Coriander LTD
209,ADE LTD
210,House Real Estate
211,Gromphlomite Properties
212,Coriander Realty
213,Smith LTD
214,House Properties
215,Gromphlomite LTD
216,Smith Realty
217,Gromphlomite Realty
218,Coriander Real Estate
219,Coriander Real Estate
220,Smith Real Estate
221,Gromphlomite Properties
222,Gromphlomite Real Estate
223,ADE LTD
224,Smith Realty
225,Gromphlomite Properties
226,Smith Real Estate
227,Smith Realty
228,Smith LTD
229,House Real Estate
230,ADE Real Estate
231,ADE LTD
232,ADE LTD
233,House Real Estate
234,Gromphlomite Realty
235,Smith LTD
236,Gromphlomite Properties
237,Smith Realty
238,House Real Estate
239,House LTD
240,Smith Realty
241,Gromphlomite LTD
242,Coriander LTD
243,House Real Estate
244,Smith Properties
245,ADE Real Estate
246,Smith Real Estate
247,House Properties
248,ADE Real Estate
249,Gromphlomite LTD
250,Coriander Properties
251,ADE Real Estate
252,Smith Real Estate
253,Smith Real Estate
254,Smith Realty
255,House Properties
256,House LTD
257,Gromphlomite Realty
258,ADE Real Estate
259,Coriander Realty
260,Coriander Real Estate
261,House Real Estate
262,ADE Realty
263,ADE Properties
264,ADE Properties
265,Smith Properties
266,House LTD
267,Gromphlomite Real Estate
268,Smith LTD
269,Coriander LTD
270,ADE Real Estate
271,House LTD
272,Coriander Real Estate
273,Gromphlomite Realty
274,Gromphlomite Realty
275,ADE Realty
276,Smith LTD
277,House Realty
278,ADE Real Estate
279,Coriander Properties
280,Smith Real Estate
281,Gromphlomite LTD
282,ADE Real Estate
283,House Real Estate
284,ADE Realty
285,Gromphlomite LTD
286,Coriander LTD
287,Smith Properties
288,Coriander LTD
289,ADE Properties
290,Coriander Real Estate
291,Smith Properties
292,Coriander LTD
293,House Realty
294,Coriander Properties
295,Coriander Properties
296,ADE Real Estate
297,ADE Properties
298,House LTD
299,House Realty
300,House LTD
301,Coriander Realty
302,Smith Properties
303,Smith LTD
304,House Properties
305,Coriander Properties
306,Gromphlomite LTD
307,ADE Real Estate
308,Smith Real Estate
309,Gromphlomite Realty
310,Coriander Real Estate
311,House Real Estate
312,Gromphlomite Properties
313,Smith Real Estate
314,ADE Realty
315,ADE LTD
316,ADE Properties
317,House Properties
318,Coriander Real Estate
319,Smith LTD
320,ADE Properties
321,Coriander LTD
322,ADE Real Estate
323,Coriander LTD
324,ADE Realty
325,Smith Real Estate
326,Gromphlomite Real Estate
327,Coriander Properties
328,Coriander Real Estate
329,Coriander LTD
330,Gromphlomite LTD
331,House LTD
332,House LTD
333,Smith Realty
334,Smith Properties
335,Coriander Realty
336,Coriander LTD
337,House LTD
338,ADE LTD
339,House Realty
340,ADE LTD
341,ADE Realty
342,House Properties
343,Gromphlomite Real Estate
344,Smith Real Estate
345,Coriander Real Estate
346,Gromphlomite Realty
347,House Real Estate
348,Smith LTD
349,ADE LTD
350,Gromphlomite Real Estate
351,House Properties
352,ADE Properties
353,Smith Realty
354,Gromphlomite Realty
355,Smith Properties
356,Coriander Properties
357,House Real Estate
358,Smith LTD
359,ADE Realty
360,Gromphlomite LTD
361,Gromphlomite Real Estate
362,Smith LTD
363,Gromphlomite Realty
364,House Real Estate
365,Gromphlomite Properties
366,Gromphlomite Realty
367,Coriander LTD
368,Gromphlomite LTD
369,ADE Realty
370,Coriander Real Estate
371,House LTD
372,Coriander Properties
373,House Properties
374,Gromphlomite Realty
375,ADE Realty
376,House Realty
377,Gromphlomite Properties
378,Gromphlomite LTD
379,Coriander Realty
380,Gromphlomite Realty
381,Coriander Realty
382,Coriander Real Estate
383,Coriander Real Estate
384,Coriander Realty
385,ADE Real Estate
386,ADE Real Estate
387,House Realty
388,Smith Realty
389,ADE LTD
390,House Real Estate
391,House Realty
392,ADE Properties
393,House LTD
394,House Properties
395,Gromphlomite Realty
396,Coriander Properties
397,Coriander Properties
398,Smith Realty
399,Coriander LTD
400,Smith Real Estate
401,Coriander LTD
402,Coriander Realty
403,ADE Realty
404,Coriander Realty
405,Coriander Properties
406,Gromphlomite Properties
407,Gromphlomite LTD
408,Smith Properties
409,Gromphlomite LTD
410,House LTD
411,Smith LTD
412,Gromphlomite LTD
413,Coriander LTD
414,Coriander Properties
415,Gromphlomite LTD
416,House LTD
417,Gromphlomite Real Estate
418,ADE Real Estate
419,Smith Properties
420,Gromphlomite Realty
421,ADE Properties
422,Gromphlomite Realty
423,House Realty
424,House Properties
425,Coriander Realty
426,House Properties
427,ADE Realty
428,Coriander Realty
429,House LTD
430,Smith LTD
431,Coriander Properties
432,ADE Realty
433,Coriander Realty
434,Gromphlomite Properties
435,Coriander Realty
436,House Real Estate
437,ADE LTD
438,ADE Realty
439,House Realty
440,Gromphlomite Realty
441,House Real Estate
442,ADE LTD
443,Smith Real Estate
444,Smith LTD
445,ADE Realty
446,Smith LTD
447,Gromphlomite LTD
448,House Real Estate
449,Coriander Realty
450,ADE Realty
451,ADE Realty
452,Gromphlomite Real Estate
453,Smith Realty
454,ADE Real Estate
455,House Real Estate
456,House LTD
457,Gromphlomite Real Estate
458,Coriander Properties
459,Smith Properties
460,Smith Real Estate
461,Smith Real Estate
462,House Properties
463,Smith Real Estate
464,ADE Realty
465,Smith LTD
466,House LTD
467,Coriander Properties
468,ADE Real Estate
469,ADE Realty
470,Smith Properties
471,Smith Properties
472,Gromphlomite Realty
473,Smith Realty
474,House LTD
475,ADE Realty
476,Smith LTD
477,Smith LTD
478,Gromphlomite Real Estate
479,Smith LTD
480,ADE Real Estate
481,ADE Realty
482,ADE Real Estate
483,House LTD
484,House Real Estate
485,Gromphlomite Real Estate
486,Coriander Real Estate
487,Gromphlomite LTD
488,House LTD
489,Gromphlomite Real Estate
490,ADE LTD
491,Coriander LTD
492,Coriander LTD
493,Smith Real Estate
494,House Properties
495,ADE Real Estate
496,House Real Estate
497,Gromphlomite Real Estate
498,Smith LTD
499,House Realty
500,Coriander LTD
501,House Realty
502,House Realty
503,ADE Real Estate
504,Smith Realty
505,ADE LTD
506,Coriander LTD
507,Smith Properties
508,Gromphlomite Properties
509,House Properties
510,Coriander Realty
511,Gromphlomite Realty
512,ADE Properties
513,Coriander Real Estate
514,Gromphlomite Real Estate
515,Smith Realty
516,ADE Properties
517,Gromphlomite Real Estate
518,House Properties
519,House LTD
520,ADE Properties
521,Gromphlomite LTD
522,Smith Realty
523,Smith LTD
524,Gromphlomite LTD
525,House Realty
526,House Realty
527,Smith Real Estate
528,Coriander Realty
529,ADE Realty
530,Gromphlomite Properties
531,Gromphlomite Realty
532,Smith LTD
533,House Realty
534,House Properties
535,Smith LTD
536,Coriander Real Estate
537,Gromphlomite Real Estate
538,House Realty
539,Smith Realty
540,Gromphlomite Properties
541,ADE Realty
542,ADE Real Estate
543,ADE LTD
544,Coriander Properties
545,Coriander LTD
546,House Real Estate
547,ADE LTD
548,House LTD
549,ADE Real Estate
550,Smith Realty
551,Smith Realty
552,House Realty
553,Coriander Properties
554,Coriander Properties
555,Coriander Real Estate
556,House Properties
557,House Properties
558,House Properties
559,House Real Estate
560,ADE Realty
561,Smith Real Estate
562,Smith LTD
563,Smith LTD
564,ADE Properties
565,House Realty
566,Coriander LTD
567,Coriander LTD
568,Gromphlomite LTD
569,Smith LTD
570,ADE Real Estate
571,Smith Properties
572,Coriander Properties
573,Gromphlomite LTD
574,Smith Realty
575,ADE LTD
576,ADE Properties
577,Gromphlomite Real Estate
578,Smith Properties
579,Gromphlomite Properties
580,Gromphlomite Properties
581,House Realty
582,ADE Realty
583,ADE Properties
584,ADE Real Estate
585,Gromphlomite LTD
586,Smith Realty
587,Smith Real Estate
588,ADE Realty
589,Coriander Realty
590,Smith Realty
591,House Properties
592,ADE Properties
593,Coriander Real Estate
594,Smith Real Estate
595,Smith LTD
596,Gromphlomite Properties
597,Smith LTD
598,Smith Realty
599,Gromphlomite Realty
600,Smith LTD
601,ADE Realty
602,ADE Real Estate
603,Gromphlomite Realty
604,House Realty
605,House Real Estate
606,Coriander LTD
607,ADE LTD
608,Gromphlomite Realty
609,House Real Estate
610,House LTD
611,House Real Estate
612,Coriander Realty
613,ADE Properties
614,House Real Estate
615,Smith Real Estate
616,House LTD
617,Gromphlomite Real Estate
618,House Real Estate
619,Gromphlomite Properties
620,Smith Properties
621,House LTD
622,Smith Real Estate
623,ADE Realty
624,House LTD
625,Coriander Real Estate
626,Gromphlomite Properties
627,Smith LTD
628,Coriander LTD
629,Coriander LTD
630,Gromphlomite LTD
631,Gromphlomite LTD
632,House Properties
633,ADE LTD
634,Smith LTD
635,Coriander LTD
636,ADE LTD
637,Smith LTD
638,House Properties
639,Gromphlomite Realty
640,House Properties
641,ADE Realty
642,ADE Realty
643,Coriander LTD
644,Coriander Realty
645,ADE Real Estate
646,House Real Estate
647,Coriander Real Estate
648,Coriander Properties
649,Gromphlomite Properties
650,ADE Real Estate
651,ADE LTD
652,Coriander Real Estate
653,House LTD
654,Gromphlomite LTD
655,ADE Real Estate
656,House Real Estate
657,Coriander Real Estate
658,House LTD
659,Coriander Properties
660,Smith LTD
661,Coriander Real Estate
662,House Properties
663,ADE LTD
664,ADE LTD
665,Coriander Real Estate
666,Gromphlomite Properties
667,Smith Properties
668,Smith Real Estate
669,House LTD
670,Gromphlomite LTD
671,Gromphlomite Properties
672,House Properties
673,House LTD
674,ADE Real Estate
675,House Realty
676,ADE Realty
677,Smith LTD
678,Gromphlomite Realty
679,Smith Realty
680,Coriander LTD
681,House Properties
682,Smith Realty
683,Coriander Real Estate
684,House Realty
685,Smith Realty
686,Smith Properties
687,House Realty
688,Gromphlomite Real Estate
689,ADE Real Estate
690,Smith Realty
691,Coriander LTD
692,ADE Properties
693,Coriander Realty
694,Gromphlomite Realty
695,Coriander Realty
696,Coriander Properties
697,ADE Properties
698,Smith LTD
699,House LTD
700,Coriander LTD
701,Smith Real Estate
702,Coriander Properties
703,House Properties
704,Coriander Real Estate
705,Smith LTD
706,House Properties
707,Coriander Real Estate
708,Smith LTD
709,ADE Real Estate
710,ADE Real Estate
711,ADE Realty
712,Coriander Real Estate
713,House Real Estate
714,Gromphlomite Realty
715,House LTD
716,Gromphlomite Real Estate
717,ADE Properties
718,ADE Real Estate
719,Smith Properties
720,Gromphlomite LTD
721,Coriander Realty
722,Coriander Properties
723,Gromphlomite Realty
724,Smith Realty
725,Coriander Real Estate
726,Gromphlomite Real Estate
727,Gromphlomite Real Estate
728,Smith Properties
729,ADE Real Estate
730,Coriander Properties
731,House Properties
732,Coriander Properties
733,House Real Estate
734,Coriander Properties
735,Smith LTD
736,House LTD
737,Gromphlomite LTD
738,Coriander LTD
739,Coriander Real Estate
740,Smith Realty
741,ADE Real Estate
742,House Realty
743,Smith Properties
744,Smith Realty
745,House Real Estate
746,Coriander Realty
747,House LTD
748,Smith Properties
749,Coriander LTD
750,Smith LTD
751,Smith Realty
752,Smith Properties
753,Smith Realty
754,House Real Estate
755,Gromphlomite Properties
756,Gromphlomite Real Estate
757,Coriander Real Estate
758,ADE Realty
759,Smith Real Estate
760,Smith Real Estate
761,Smith LTD
762,Coriander Properties
763,House Realty
764,Coriander Properties
765,Coriander Realty
766,Coriander Realty
767,ADE Realty
768,Coriander Real Estate
769,Gromphlomite LTD
770,Gromphlomite Real Estate
771,Smith Realty
772,ADE Properties
773,Smith Properties
774,Coriander Properties
775,Coriander Properties
776,House Properties
777,Gromphlomite LTD
778,Coriander Real Estate
779,ADE LTD
780,ADE LTD
781,Gromphlomite LTD
782,ADE Realty
783,Smith Real Estate
784,Gromphlomite LTD
785,Gromphlomite Real Estate
786,House Realty
787,Smith Properties
788,House Properties
789,House Real Estate
790,House Real Estate
791,Smith Real Estate
792,Gromphlomite Properties
793,House Realty
794,Coriander Real Estate
795,Coriander Realty
796,Smith Realty
797,Smith Real Estate
798,Coriander LTD
799,ADE Realty
800,Gromphlomite LTD
801,ADE Realty
802,Gromphlomite Realty
803,Gromphlomite Properties
804,House Real Estate
805,Smith Real Estate
806,Coriander Real Estate
807,ADE Properties
808,Smith Real Estate
809,House LTD
810,ADE Realty
811,ADE Properties
812,ADE Properties
813,ADE Properties
814,House Properties
815,Smith Real Estate
816,ADE Realty
817,House Properties
818,House Realty
819,Coriander Realty
820,Coriander LTD
821,Gromphlomite LTD
822,Smith Realty
823,ADE LTD
824,Gromphlomite Real Estate
825,Smith Properties
826,ADE LTD
827,Coriander LTD
828,ADE Realty
829,ADE Realty
830,Smith Real Estate
831,House Real Estate
832,Coriander Properties
833,House Real Estate
834,Gromphlomite Properties
835,House Properties
836,Smith LTD
837,Smith LTD
838,ADE Real Estate
839,Coriander LTD
840,Gromphlomite Properties
841,Smith Realty
842,Gromphlomite Properties
843,Coriander Properties
844,Coriander Real Estate
845,Coriander Properties
846,Gromphlomite LTD
847,Coriander LTD
848,ADE Real Estate
849,Gromphlomite Realty
850,ADE Properties
851,Coriander LTD
852,Smith Real Estate
853,House Realty
854,ADE Properties
855,House LTD
856,Gromphlomite Properties
857,Gromphlomite Real Estate
858,Coriander LTD
859,Coriander Real Estate
860,Smith Real Estate
861,Coriander Realty
862,Coriander LTD
863,Gromphlomite Real Estate
864,Smith Real Estate
865,House Realty
866,Coriander Real Estate
867,Smith LTD
868,House LTD
869,Coriander Properties
870,ADE Real Estate
871,Smith Properties
872,Smith Realty
873,House LTD
874,House Properties
875,Gromphlomite Real Estate
876,House Realty
877,Gromphlomite Real Estate
878,ADE LTD
879,Smith Realty
880,ADE Properties
881,Coriander Realty
882,ADE Realty
883,Gromphlomite Realty
884,ADE Real Estate
885,House Realty
886,Gromphlomite Realty
887,House Properties
888,Smith Properties
889,Gromphlomite Properties
890,Gromphlomite LTD
891,Gromphlomite Properties
892,Coriander LTD
893,Coriander Real Estate
894,Gromphlomite Realty
895,ADE Real Estate
896,ADE Real Estate
897,ADE Realty
898,House Real Estate
899,ADE Properties
900,Gromphlomite Real Estate
901,Smith Realty
902,Coriander LTD
903,Coriander Realty
904,House LTD
905,House Realty
906,ADE Realty
907,Smith LTD
908,Coriander LTD
909,Smith Real Estate
910,House Realty
911,Gromphlomite Real Estate
912,Coriander Properties
913,Smith Properties
914,Gromphlomite LTD
915,Smith Real Estate
916,Coriander Real Estate
917,House Realty
918,Coriander LTD
919,Smith Real Estate
920,Smith Real Estate
921,Smith Real Estate
922,House Real Estate
923,House Realty
924,ADE Properties
925,Coriander Real Estate
926,House Real Estate
927,Gromphlomite Realty
928,Smith Real Estate
929,ADE LTD
930,ADE Realty
931,Gromphlomite LTD
932,Gromphlomite Properties
933,ADE Realty
934,Coriander LTD
935,Coriander Properties
936,Coriander Real Estate
937,Gromphlomite LTD
938,Coriander LTD
939,Smith LTD
940,ADE LTD
941,House Real Estate
942,Smith Properties
943,Smith Properties
944,Coriander Real Estate
945,ADE LTD
946,Coriander LTD
947,House Properties
948,House Properties
949,Coriander Realty
950,ADE LTD
951,Gromphlomite Realty
952,House LTD
953,Gromphlomite LTD
954,Smith LTD
955,ADE LTD
956,Gromphlomite Realty
957,Smith Real Estate
958,Coriander Properties
959,ADE LTD
960,Coriander Properties
961,Gromphlomite LTD
962,House LTD
963,Coriander LTD
964,ADE Realty
965,House Properties
966,ADE Realty
967,Coriander Properties
968,Coriander LTD
969,Gromphlomite LTD
970,ADE LTD
971,House Real Estate
972,Gromphlomite Real Estate
973,House LTD
974,Gromphlomite LTD
975,Gromphlomite Real Estate
976,Smith Real Estate
977,Coriander Real Estate
978,ADE Realty
979,Coriander LTD
980,House Real Estate
981,ADE Realty
982,Coriander Realty
983,Coriander Real Estate
984,Smith Properties
985,ADE Real Estate
986,House LTD
987,ADE LTD
988,ADE Real Estate
989,Smith LTD
990,Coriander LTD
991,Gromphlomite Real Estate
992,Coriander Realty
993,House Realty
994,ADE LTD
995,Smith Properties
996,Coriander Real Estate
997,House Real Estate
998,ADE Properties
999,Gromphlomite Realty
