CompanyID,Name
0,Coriander Real Estate
1,House Properties
2,Smith Properties
3,Coriander LTD
4,House Realty
5,ADE Properties
6,Coriander Properties
7,ADE Real Estate
8,Smith Real Estate
9,House Real Estate
10,Coriander Realty
11,Smith Realty
12,Coriander Realty
13,ADE Real Estate
14,Coriander Properties
15,ADE Properties
16,Coriander Realty
17,Gromphlomite Properties
18,Coriander LTD
19,House Properties
20,ADE Real Estate
21,Smith LTD
22,Gromphlomite LTD
23,House Real Estate
24,ADE Properties
25,ADE Real Estate
26,Gromphlomite Properties
27,Coriander LTD
28,House Real Estate
29,Smith Realty
30,Coriander Realty
31,Coriander Realty
32,Gromphlomite Realty
33,Gromphlomite LTD
34,Coriander LTD
35,Coriander LTD
36,Gromphlomite LTD
37,House Realty
38,Gromphlomite Realty
39,House Properties
40,Gromphlomite LTD
41,Coriander Properties
42,Coriander LTD
43,Smith Properties
44,ADE Properties
45,ADE LTD
46,Gromphlomite Properties
47,House Real Estate
48,Gromphlomite Realty
49,ADE LTD
50,Smith Real Estate
51,Gromphlomite LTD
52,Gromphlomite LTD
53,ADE LTD
54,Coriander LTD
55,Coriander LTD
56,Smith Real Estate
57,Coriander LTD
58,Gromphlomite Properties
59,ADE Realty
60,House Realty
61,ADE Real Estate
62,Smith Realty
63,Coriander Properties
64,House Properties
65,House Properties
66,Coriander LTD
67,Coriander LTD
68,Smith Realty
69,Smith Real Estate
70,Coriander Realty
71,House Real Estate
72,House Properties
73,Coriander LTD
74,House Properties
75,Gromphlomite LTD
76,House Properties
77,Gromphlomite Properties
78,Coriander LTD
79,Smith Realty
80,Smith Realty
81,ADE Realty
82,Coriander LTD
83,House Realty
84,Gromphlomite LTD
85,Coriander Real Estate
86,Smith LTD
87,ADE Realty
88,Gromphlomite Realty
89,Gromphlomite Properties
90,Smith Realty
91,Smith LTD
92,Coriander Realty
93,Smith Realty
94,Coriander LTD
95,Gromphlomite Real Estate
96,Coriander LTD
97,ADE LTD
98,Coriander Real Estate
99,ADE Real Estate
100,Gromphlomite Properties
101,ADE LTD
102,Smith Realty
103,Smith Properties
104,ADE Realty
105,House Realty
106,Gromphlomite Real Estate
107,House Realty
108,Smith Realty
109,Coriander Realty
110,Coriander Real Estate
111,Smith LTD
112,ADE Realty
113,Smith Real Estate
114,House LTD
115,Coriander LTD
116,ADE LTD
117,Coriander LTD
118,House Properties
119,Gromphlomite Real Estate
120,Gromphlomite Real Estate
121,House Realty
122,Coriander LTD
123,House Properties
124,ADE Realty
125,Smith LTD
126,Gromphlomite LTD
127,House LTD
128,Gromphlomite Real Estate
129,Gromphlomite LTD
130,Coriander Real Estate
131,Smith LTD
132,Coriander LTD
133,Gromphlomite Realty
134,Smith Real Estate
135,Gromphlomite LTD
136,Coriander Realty
137,ADE LTD
138,Smith Realty
139,ADE Properties
140,House LTD
141,Gromphlomite Real Estate
142,Coriander Properties
143,ADE LTD
144,Gromphlomite LTD
145,Coriander Real Estate
146,House LTD
147,House Properties
148,ADE Realty
149,Gromphlomite Real Estate
150,Smith Real Estate
151,Smith Realty
152,ADE Real Estate
153,ADE Real Estate
154,ADE Properties
155,Coriander Realty
156,ADE Properties
157,Smith Real Estate
158,ADE Real Estate
159,Gromphlomite Real Estate
160,Coriander Real Estate
161,ADE Properties
162,ADE LTD
163,Coriander LTD
164,ADE Real Estate
165,ADE LTD
166,House LTD
167,ADE Realty
168,ADE Realty
169,Smith Properties
170,Gromphlomite Real Estate
171,Smith LTD
172,Coriander Real Estate
173,Smith Realty
174,ADE LTD
175,Coriander LTD
176,Smith LTD
177,House Properties
178,Smith Real Estate
179,Smith LTD
180,House Properties
181,Gromphlomite Real Estate
182,House Real Estate
183,ADE Realty
184,ADE LTD
185,Coriander LTD
186,ADE LTD
187,Coriander Realty
188,ADE LTD
189,ADE Real Estate
190,Gromphlomite LTD
191,House LTD
192,Coriander Properties
193,ADE Realty
194,ADE Real Estate
195,Smith Properties
196,Gromphlomite Realty
197,ADE LTD
198,Gromphlomite Real Estate
199,House Realty
200,House LTD
201,ADE Real Estate
202,House LTD
203,Coriander LTD
204,Coriander LTD
205,Gromphlomite Real Estate
206,Smith LTD
207,Coriander Properties
208,House Realty
209,ADE Realty
210,Coriander Real Estate
211,House Real Estate
212,Smith Real Estate
213,Coriander Real Estate
214,Coriander Realty
215,House Realty
216,Coriander LTD
217,Smith Properties
218,Coriander Realty
219,House Realty
220,Gromphlomite Realty
221,ADE Realty
222,Gromphlomite Realty
223,House LTD
224,Gromphlomite Properties
225,ADE Properties
226,Smith Realty
227,House Realty
228,Smith LTD
229,ADE LTD
230,House Real Estate
231,Smith Properties
232,House Real Estate
233,Gromphlomite LTD
234,Gromphlomite Realty
235,Gromphlomite Properties
236,Coriander Real Estate
237,Smith Properties
238,Smith LTD
239,House Properties
240,House LTD
241,House Properties
242,ADE LTD
243,Coriander LTD
244,ADE Real Estate
245,Smith Realty
246,House Real Estate
247,ADE LTD
248,Gromphlomite Realty
249,Gromphlomite Properties
250,Gromphlomite LTD
251,Smith Real Estate
252,Smith Real Estate
253,Gromphlomite Real Estate
254,Gromphlomite Properties
255,Coriander Real Estate
256,House LTD
257,House Realty
258,House Real Estate
259,House Realty
260,Coriander Realty
261,Gromphlomite LTD
262,ADE Properties
263,Gromphlomite Real Estate
264,Gromphlomite Realty
265,Smith LTD
266,Coriander LTD
267,ADE Realty
268,Coriander Properties
269,Gromphlomite Real Estate
270,Gromphlomite Realty
271,ADE Properties
272,ADE LTD
273,House Properties
274,Gromphlomite LTD
275,Coriander LTD
276,House LTD
277,Smith Properties
278,Smith LTD
279,Coriander Real Estate
280,House LTD
281,Gromphlomite LTD
282,Coriander Real Estate
283,Smith Properties
284,Gromphlomite LTD
285,Smith Realty
286,Gromphlomite Properties
287,Coriander Real Estate
288,ADE Real Estate
289,Smith LTD
290,ADE Realty
291,Coriander Real Estate
292,Coriander LTD
293,House Realty
294,Smith LTD
295,House LTD
296,ADE Real Estate
297,Coriander Properties
298,Gromphlomite Real Estate
299,Coriander Real Estate
300,ADE Realty
301,Gromphlomite Realty
302,Coriander LTD
303,House Real Estate
304,Gromphlomite LTD
305,Gromphlomite Properties
306,Coriander LTD
307,Gromphlomite Real Estate
308,House LTD
309,House LTD
310,Gromphlomite Real Estate
311,Coriander Realty
312,Coriander Properties
313,Gromphlomite Properties
314,Smith LTD
315,Coriander Realty
316,ADE Properties
317,ADE Realty
318,Coriander Properties
319,Smith Realty
320,House Real Estate
321,ADE LTD
322,ADE Real Estate
323,Gromphlomite Properties
324,House Properties
325,ADE LTD
326,Coriander LTD
327,Smith LTD
328,Coriander Properties
329,Coriander Properties
330,House LTD
331,House LTD
332,Gromphlomite Properties
333,Gromphlomite LTD
334,Coriander Realty
335,Coriander Properties
336,Coriander Realty
337,Smith Real Estate
338,Gromphlomite Real Estate
339,Smith Real Estate
340,House LTD
341,Coriander Properties
342,ADE Properties
343,Gromphlomite Realty
344,ADE Properties
345,Smith Real Estate
346,Smith Real Estate
347,Gromphlomite Properties
348,Smith LTD
349,ADE LTD
350,House Real Estate
351,House LTD
352,House Properties
353,Coriander Real Estate
354,House Realty
355,Gromphlomite LTD
356,House Properties
357,Coriander Properties
358,ADE Realty
359,Smith Real Estate
360,House Realty
361,Smith Realty
362,Coriander Realty
363,Coriander Properties
364,Smith Realty
365,Coriander LTD
366,ADE Properties
367,Smith Properties
368,ADE Realty
369,Smith Real Estate
370,Coriander Properties
371,Smith Real Estate
372,House Properties
373,House LTD
374,Coriander LTD
375,Smith Properties
376,ADE LTD
377,Smith Properties
378,ADE LTD
379,Gromphlomite Properties
380,ADE Real Estate
381,Coriander Properties
382,House Realty
383,ADE LTD
384,Coriander Real Estate
385,ADE Realty
386,Smith Properties
387,Smith LTD
388,Coriander Properties
389,Coriander LTD
390,House Realty
391,ADE LTD
392,Coriander Real Estate
393,Smith Properties
394,ADE Realty
395,Smith Properties
396,ADE Realty
397,House Real Estate
398,Coriander Properties
399,Coriander LTD
400,Coriander Realty
401,Smith Realty
402,Gromphlomite Real Estate
403,Smith Real Estate
404,Smith Real Estate
405,ADE Real Estate
406,Smith LTD
407,Gromphlomite Realty
408,House Real Estate
409,Coriander Realty
410,House LTD
411,ADE Real Estate
412,Coriander Properties
413,ADE LTD
414,ADE LTD
415,Smith Real Estate
416,Smith Properties
417,Coriander Real Estate
418,Gromphlomite Real Estate
419,ADE Real Estate
420,Smith Properties
421,House Real Estate
422,ADE Real Estate
423,Coriander Real Estate
424,ADE Properties
425,Smith Realty
426,Gromphlomite LTD
427,Gromphlomite Realty
428,Smith LTD
429,Coriander LTD
430,ADE Real Estate
431,Gromphlomite LTD
432,Gromphlomite Realty
433,Coriander Real Estate
434,Smith Realty
435,Coriander Realty
436,Coriander Real Estate
437,Gromphlomite Real Estate
438,Coriander Real Estate
439,ADE LTD
440,Smith Properties
441,Gromphlomite Real Estate
442,Smith Real Estate
443,House Real Estate
444,House Real Estate
445,Smith LTD
446,ADE LTD
447,Coriander Realty
448,Gromphlomite Real Estate
449,Gromphlomite Realty
450,Coriander Properties
451,ADE LTD
452,Coriander Real Estate
453,ADE Properties
454,Coriander Real Estate
455,Coriander Realty
456,ADE Real Estate
457,Gromphlomite LTD
458,ADE LTD
459,ADE Real Estate
460,Gromphlomite Real Estate
461,Gromphlomite Properties
462,Gromphlomite LTD
463,ADE Real Estate
464,House Realty
465,House Properties
466,Coriander Real Estate
467,ADE Properties
468,House Real Estate
469,Coriander Realty
470,Coriander LTD
471,Gromphlomite LTD
472,Coriander Properties
473,House Real Estate
474,House LTD
475,Coriander Properties
476,Coriander Realty
477,House LTD
478,ADE Real Estate
479,House Realty
480,Gromphlomite Real Estate
481,ADE LTD
482,Smith LTD
483,Smith Realty
484,Smith LTD
485,Coriander LTD
486,Coriander Properties
487,Gromphlomite Real Estate
488,Coriander LTD
489,ADE Properties
490,Smith Properties
491,ADE Real Estate
492,Gromphlomite Properties
493,Gromphlomite Properties
494,Gromphlomite Properties
495,Smith Real Estate
496,Gromphlomite Properties
497,House Realty
498,House Properties
499,Coriander Real Estate
